id,observed_on_string,observed_on,time_observed_at,time_zone,user_id,user_login,user_name,created_at,updated_at,quality_grade,license,url,image_url,sound_url,tag_list,description,num_identification_agreements,num_identification_disagreements,captive_cultivated,oauth_application_id,place_guess,latitude,longitude,positional_accuracy,private_place_guess,private_latitude,private_longitude,public_positional_accuracy,geoprivacy,taxon_geoprivacy,coordinates_obscured,positioning_method,positioning_device,species_guess,scientific_name,common_name,iconic_taxon_name,taxon_id
177012209,2023-08-06 14:19:00+03:00,2023-08-06,2023-08-06 11:19:00 UTC,Asia/Hebron,5445328,sb610,Samson B,2023-08-06 18:11:16 UTC,2023-08-08 22:24:52 UTC,research,CC-BY-NC,https://www.inaturalist.org/observations/177012209,https://inaturalist-open-data.s3.amazonaws.com/photos/307810594/medium.jpg,,"","",1,0,false,3,,31.6748541876,35.4132801488,4,,,,29199,obscured,,true,,,Arabian Green Bee-eater,Merops cyanophrys,Arabian Green Bee-eater,Aves,1430301
177949079,Sat Aug 12 2023 08:59:16 GMT +0300 (GMT),2023-08-12,2023-08-12 05:59:16 UTC,Jerusalem,7121176,sethbcannon,,2023-08-12 06:05:21 UTC,2024-05-04 23:56:35 UTC,research,CC-BY-NC,https://www.inaturalist.org/observations/177949079,https://inaturalist-open-data.s3.amazonaws.com/photos/309567455/medium.jpeg,,"",,3,1,false,333,At Tur,31.7864227295,35.2445640564,35,,,,35,,open,false,,,Laughing Dove,Spilopelia senegalensis,Laughing Dove,Aves,1455922
178533813,2023-08-15 15:56:46,2023-08-15,2023-08-15 12:56:46 UTC,Jerusalem,4546729,jack_fogle,jack fogle,2023-08-15 14:37:34 UTC,2023-08-16 08:17:29 UTC,research,,https://www.inaturalist.org/observations/178533813,https://static.inaturalist.org/photos/310683536/medium.jpeg,,"",,1,0,false,2,"Mount of Olives, Jerusalem",31.779585561,35.2391889319,215,,,,215,,,false,,,Hooded Crow,Corvus cornix,Hooded Crow,Aves,144757
179641455,2023-08-19 14:22:29,2023-08-19,2023-08-19 11:22:29 UTC,Asia/Hebron,4546729,jack_fogle,jack fogle,2023-08-22 06:24:00 UTC,2023-08-23 09:37:00 UTC,research,,https://www.inaturalist.org/observations/179641455,https://static.inaturalist.org/photos/312896196/medium.jpeg,,"",,1,0,false,2,"Jericho, PS-WE, PS",31.7613929028,35.5040922761,59,,,,59,,open,false,gps,gps,Common Myna,Acridotheres tristis,Common Myna,Aves,204454
179699062,2023-08-22 18:25:01,2023-08-22,2023-08-22 15:25:01 UTC,Asia/Hebron,4546729,jack_fogle,jack fogle,2023-08-22 16:34:30 UTC,2023-11-28 06:23:57 UTC,research,,https://www.inaturalist.org/observations/179699062,https://static.inaturalist.org/photos/312896906/medium.jpeg,,"",,1,0,false,2,"Jericho, PS-WE, PS",31.8576762404,35.4589926079,5531,,,,5531,,open,false,gps,gps,White Stork,Ciconia ciconia,White Stork,Aves,4733
181220444,2023-09-01 16:19:10+03:00,2023-09-01,2023-09-01 13:19:10 UTC,Jerusalem,95151,tereg,,2023-09-01 16:28:54 UTC,2023-09-07 19:33:18 UTC,research,CC-BY-NC,https://www.inaturalist.org/observations/181220444,https://inaturalist-open-data.s3.amazonaws.com/photos/315804933/medium.jpg,,"","",2,0,false,3,"Madregot Ma'ale E Tabuna, Old City Jerusalem",31.7766737962,35.2315236896,40,,,,40,,open,false,,,tórtola del Senegal,Spilopelia senegalensis,Laughing Dove,Aves,1455922
185716096,2023-10-01 14:10:32+03:00,2023-10-01,2023-10-01 11:10:32 UTC,Asia/Hebron,1710258,cooperzion07,,2023-10-01 11:14:02 UTC,2023-10-28 21:16:16 UTC,research,CC-BY-NC,https://www.inaturalist.org/observations/185716096,https://inaturalist-open-data.s3.amazonaws.com/photos/324396913/medium.jpg,,"","",2,0,false,3,"Arafat Street, Beit Sahur",31.7078700003,35.225405,34,,,,34,,open,false,,,Common Redstart,Phoenicurus phoenicurus,Common Redstart,Aves,12992
186576851,2023/08/26 11:12 AM,2023-08-26,2023-08-26 08:12:00 UTC,Asia/Hebron,4217199,yair_ben_perets,Yair ben perets,2023-10-07 18:29:27 UTC,2023-10-11 13:12:55 UTC,research,,https://www.inaturalist.org/observations/186576851,https://static.inaturalist.org/photos/326067416/medium.jpeg,,"","",1,0,false,,"Tubas, West Bank, Palestine",32.32702,35.5358566667,,,,,,,open,false,,,שרקרק ירוק,Merops persicus,Blue-cheeked Bee-eater,Aves,2245
187079920,2023/10/02 11:58 PM,2023-10-02,2023-10-02 20:58:00 UTC,Asia/Hebron,159910,mlodinow,Steven Mlodinow,2023-10-11 03:34:51 UTC,2024-07-26 18:26:45 UTC,research,CC-BY-NC,https://www.inaturalist.org/observations/187079920,https://inaturalist-open-data.s3.amazonaws.com/photos/327089886/medium.jpg,,"",,3,0,false,,"Bethlehem, PS-WE, PS",31.49406,35.396072,100,,,,100,,open,false,,,Fan-tailed Raven,Corvus rhipidurus,Fan-tailed Raven,Aves,8046
187083611,2023/10/02 11:51 PM,2023-10-02,2023-10-02 20:51:00 UTC,Asia/Hebron,159910,mlodinow,Steven Mlodinow,2023-10-11 04:28:18 UTC,2023-10-12 11:51:30 UTC,research,CC-BY-NC,https://www.inaturalist.org/observations/187083611,https://inaturalist-open-data.s3.amazonaws.com/photos/327097475/medium.jpg,,"",,3,0,false,,"Bethlehem, PS-WE, PS",31.5178680915,35.3912887463,143,,,,143,,open,false,,,Tristram's Starling,Onychognathus tristramii,Tristram's Starling,Aves,14978
187083613,2023/10/02 11:51 PM,2023-10-02,2023-10-02 20:51:00 UTC,Asia/Hebron,159910,mlodinow,Steven Mlodinow,2023-10-11 04:28:18 UTC,2024-07-26 18:26:38 UTC,research,CC-BY-NC,https://www.inaturalist.org/observations/187083613,https://inaturalist-open-data.s3.amazonaws.com/photos/327097487/medium.jpg,,"",,3,0,false,,"Bethlehem, PS-WE, PS",31.5178691143,35.391684994,101,,,,101,,open,false,,,Tristram's Starling,Onychognathus tristramii,Tristram's Starling,Aves,14978
187083614,2023/10/02 11:36 PM,2023-10-02,2023-10-02 20:36:00 UTC,Asia/Hebron,159910,mlodinow,Steven Mlodinow,2023-10-11 04:28:19 UTC,2023-10-11 13:08:26 UTC,research,CC-BY-NC,https://www.inaturalist.org/observations/187083614,https://inaturalist-open-data.s3.amazonaws.com/photos/327097492/medium.jpg,,"",,2,0,false,,"Bethlehem, PS-WE, PS",31.5182655812,35.3902606475,113,,,,113,,open,false,,,Desert Lark,Ammomanes deserti,Desert Lark,Aves,7384
187115013,2023/10/02 11:09 PM,2023-10-02,2023-10-02 20:09:00 UTC,Asia/Hebron,159910,mlodinow,Steven Mlodinow,2023-10-11 13:23:28 UTC,2024-07-26 18:27:05 UTC,research,CC-BY-NC,https://www.inaturalist.org/observations/187115013,https://inaturalist-open-data.s3.amazonaws.com/photos/327156517/medium.jpg,,"",,2,0,false,,"Bethlehem, PS-WE, PS",31.5194257208,35.3871372615,98,,,,98,,open,false,,,Striolated Bunting,Emberiza striolata,Striolated Bunting,Aves,204505
187115732,2023/10/02 10:49 PM,2023-10-02,2023-10-02 19:49:00 UTC,Asia/Hebron,159910,mlodinow,Steven Mlodinow,2023-10-11 13:31:19 UTC,2023-10-11 18:01:47 UTC,research,CC-BY-NC,https://www.inaturalist.org/observations/187115732,https://inaturalist-open-data.s3.amazonaws.com/photos/327158107/medium.jpg,,"",,1,0,false,,"Bethlehem, PS-WE, PS",31.5199196,35.3860912,100,,,,100,,open,false,,,Sinai Rosefinch,Carpodacus synoicus,Sinai Rosefinch,Aves,367709
187119161,2023/10/02 10:35 PM,2023-10-02,2023-10-02 19:35:00 UTC,Asia/Hebron,159910,mlodinow,Steven Mlodinow,2023-10-11 14:06:54 UTC,2023-10-11 23:52:33 UTC,research,CC-BY-NC,https://www.inaturalist.org/observations/187119161,https://inaturalist-open-data.s3.amazonaws.com/photos/327164138/medium.jpg,,"",,1,0,false,,"Bethlehem, PS-WE, PS",31.5199196,35.3860912,100,,,,100,,open,false,,,Trumpeter Finch,Bucanetes githagineus,Trumpeter Finch,Aves,72572
187183197,2023/10/02 9:39 PM,2023-10-02,2023-10-02 18:39:00 UTC,Asia/Hebron,159910,mlodinow,Steven Mlodinow,2023-10-11 23:51:12 UTC,2023-10-15 23:22:04 UTC,research,CC-BY-NC,https://www.inaturalist.org/observations/187183197,https://inaturalist-open-data.s3.amazonaws.com/photos/327290692/medium.jpg,,"",,1,0,false,,"Bethlehem, PS-WE, PS",31.5199196,35.3860912,100,,,,100,,open,false,,,White-crowned Wheatear,Oenanthe leucopyga,White-crowned Wheatear,Aves,12832
187183198,2023/10/02 9:24 PM,2023-10-02,2023-10-02 18:24:00 UTC,Asia/Hebron,159910,mlodinow,Steven Mlodinow,2023-10-11 23:51:13 UTC,2024-07-26 18:25:43 UTC,research,CC-BY-NC,https://www.inaturalist.org/observations/187183198,https://inaturalist-open-data.s3.amazonaws.com/photos/327290708/medium.jpg,,"",,3,0,false,,"Bethlehem, PS-WE, PS",31.5199196,35.3860912,100,,,,100,,open,false,,,Blackstart,Oenanthe melanura,Blackstart,Aves,980212
188083662,2023/10/02 2:50 PM,2023-10-02,2023-10-02 11:50:00 UTC,Jerusalem,265030,nickmoore91,Nick Moore,2023-10-18 23:41:24 UTC,2024-03-12 15:49:36 UTC,research,CC0,https://www.inaturalist.org/observations/188083662,https://inaturalist-open-data.s3.amazonaws.com/photos/329077217/medium.jpg,,"",,3,0,false,,"Yizrael, Israel",32.4973244622,35.4132862246,157,,,,157,,open,false,,,Eurasian Jay,Garrulus glandarius,Eurasian Jay,Aves,8088
188083668,2023/10/02 2:59 PM,2023-10-02,2023-10-02 11:59:00 UTC,Jerusalem,265030,nickmoore91,Nick Moore,2023-10-18 23:41:26 UTC,2024-07-26 18:27:30 UTC,research,CC0,https://www.inaturalist.org/observations/188083668,https://inaturalist-open-data.s3.amazonaws.com/photos/329077241/medium.jpg,,"",,3,0,false,,"Yizrael, Israel",32.497010047,35.4132040205,161,,,,161,,open,false,,,Spotted Flycatcher,Muscicapa striata,Spotted Flycatcher,Aves,12971
188083672,2023/10/02 3:25 PM,2023-10-02,2023-10-02 12:25:00 UTC,Jerusalem,265030,nickmoore91,Nick Moore,2023-10-18 23:41:27 UTC,2024-07-26 18:27:17 UTC,research,CC0,https://www.inaturalist.org/observations/188083672,https://inaturalist-open-data.s3.amazonaws.com/photos/329077261/medium.jpg,,"",,3,0,false,,"Yizrael, Israel",32.497010047,35.4132040205,161,,,,161,,open,false,,,Lesser Whitethroat,Curruca curruca,Lesser Whitethroat,Aves,1289484
188083679,2023/10/02 3:33 PM,2023-10-02,2023-10-02 12:33:00 UTC,Jerusalem,265030,nickmoore91,Nick Moore,2023-10-18 23:41:28 UTC,2024-07-26 18:25:36 UTC,research,CC0,https://www.inaturalist.org/observations/188083679,https://inaturalist-open-data.s3.amazonaws.com/photos/329077273/medium.jpg,,"",,3,0,false,,"Yizrael, Israel",32.4973609611,35.4128398514,61,,,,61,,open,false,,,Common Redstart,Phoenicurus phoenicurus,Common Redstart,Aves,12992
188086225,2023/10/03 6:59 AM,2023-10-03,2023-10-03 03:59:00 UTC,Asia/Hebron,265030,nickmoore91,Nick Moore,2023-10-19 00:08:25 UTC,2024-07-26 18:25:28 UTC,research,CC0,https://www.inaturalist.org/observations/188086225,https://inaturalist-open-data.s3.amazonaws.com/photos/329079727/medium.jpg,,"",,3,0,false,,"Bethlehem, PS-WE, PS",31.5194798869,35.387416721,362,,,,362,,open,false,,,Trumpeter Finch,Bucanetes githagineus,Trumpeter Finch,Aves,72572
188086233,2023/10/03 7:28 AM,2023-10-03,2023-10-03 04:28:00 UTC,Asia/Hebron,265030,nickmoore91,Nick Moore,2023-10-19 00:08:27 UTC,2024-03-12 15:49:28 UTC,research,CC0,https://www.inaturalist.org/observations/188086233,https://inaturalist-open-data.s3.amazonaws.com/photos/329079818/medium.jpg,,"",,2,0,false,,"Bethlehem, PS-WE, PS",31.5194798869,35.387416721,362,,,,362,,open,false,,,Blackstart,Oenanthe melanura,Blackstart,Aves,980212
188086234,2023/10/03 7:32 AM,2023-10-03,2023-10-03 04:32:00 UTC,Asia/Hebron,265030,nickmoore91,Nick Moore,2023-10-19 00:08:27 UTC,2024-07-26 18:25:21 UTC,research,CC0,https://www.inaturalist.org/observations/188086234,https://inaturalist-open-data.s3.amazonaws.com/photos/329079816/medium.jpg,,"",,3,0,false,,"Bethlehem, PS-WE, PS",31.5194798869,35.387416721,362,,,,362,,open,false,,,Sinai Rosefinch,Carpodacus synoicus,Sinai Rosefinch,Aves,367709
188086236,2023/10/03 7:48 AM,2023-10-03,2023-10-03 04:48:00 UTC,Asia/Hebron,265030,nickmoore91,Nick Moore,2023-10-19 00:08:28 UTC,2024-03-12 15:49:25 UTC,research,CC0,https://www.inaturalist.org/observations/188086236,https://inaturalist-open-data.s3.amazonaws.com/photos/329079825/medium.jpg,,"",,2,0,false,,"Bethlehem, PS-WE, PS",31.5194798869,35.387416721,362,,,,362,,open,false,,,Tristram's Starling,Onychognathus tristramii,Tristram's Starling,Aves,14978
188086242,2023/10/03 8:09 AM,2023-10-03,2023-10-03 05:09:00 UTC,Asia/Hebron,265030,nickmoore91,Nick Moore,2023-10-19 00:08:29 UTC,2024-03-12 15:49:23 UTC,research,CC0,https://www.inaturalist.org/observations/188086242,https://inaturalist-open-data.s3.amazonaws.com/photos/329080052/medium.jpg,,"",,2,0,false,,"Bethlehem, PS-WE, PS",31.5194798869,35.387416721,362,,,,362,,open,false,,,Striolated Bunting,Emberiza striolata,Striolated Bunting,Aves,204505
188086246,2023/10/03 8:36 AM,2023-10-03,2023-10-03 05:36:00 UTC,Asia/Hebron,265030,nickmoore91,Nick Moore,2023-10-19 00:08:30 UTC,2024-07-26 18:25:07 UTC,research,CC0,https://www.inaturalist.org/observations/188086246,https://inaturalist-open-data.s3.amazonaws.com/photos/329080084/medium.jpg,,"",,3,0,false,,"Bethlehem, PS-WE, PS",31.5194798869,35.387416721,362,,,,362,,open,false,,,Desert Lark,Ammomanes deserti,Desert Lark,Aves,7384
188086249,2023/10/03 8:43 AM,2023-10-03,2023-10-03 05:43:00 UTC,Asia/Hebron,265030,nickmoore91,Nick Moore,2023-10-19 00:08:31 UTC,2024-07-26 18:25:13 UTC,research,CC0,https://www.inaturalist.org/observations/188086249,https://inaturalist-open-data.s3.amazonaws.com/photos/329080088/medium.jpg,,"",,3,0,false,,"Bethlehem, PS-WE, PS",31.5194798869,35.387416721,362,,,,362,,open,false,,,White-crowned Wheatear,Oenanthe leucopyga,White-crowned Wheatear,Aves,12832
188086252,2023/10/03 8:58 AM,2023-10-03,2023-10-03 05:58:00 UTC,Asia/Hebron,265030,nickmoore91,Nick Moore,2023-10-19 00:08:31 UTC,2024-03-12 15:49:19 UTC,research,CC0,https://www.inaturalist.org/observations/188086252,https://inaturalist-open-data.s3.amazonaws.com/photos/329080095/medium.jpg,,"",,2,0,false,,"Bethlehem, PS-WE, PS",31.5093138966,35.3961992251,814,,,,814,,open,false,,,Fan-tailed Raven,Corvus rhipidurus,Fan-tailed Raven,Aves,8046
188563591,2023/10/20 12:56,2023-10-20,2023-10-20 09:56:00 UTC,Asia/Hebron,5930385,yehuda_sar_shalom,Yehuda Sar Shalom,2023-10-22 19:42:51 UTC,2024-03-12 15:49:17 UTC,research,CC-BY-NC,https://www.inaturalist.org/observations/188563591,https://static.inaturalist.org/photos/330066121/medium.jpeg,,"Israel, ישראל, samaria, שומרון, Har Bracha, הר ברכה",Detected by Israeli expert,2,0,false,,"Har Bracha, Israel",32.1961016667,35.2661316667,,,,,,,open,false,,,כחול חזה (זמיר),Luscinia svecica,Bluethroat,Aves,13071
193380041,2023-12-08 14:48:01,2023-12-08,2023-12-08 12:48:01 UTC,Jerusalem,6351960,irityogev,,2023-12-08 13:09:02 UTC,2024-03-12 15:48:54 UTC,research,CC-BY-NC,https://www.inaturalist.org/observations/193380041,https://inaturalist-open-data.s3.amazonaws.com/photos/339703959/medium.jpeg,,"",,3,0,false,2,"Tubas, PS-WE, PS",32.4045847146,35.5120131746,104,,,,104,,open,false,gps,gps,Accipiter nisus,Accipiter nisus,Eurasian Sparrowhawk,Aves,5106
193534157,2023/12/08 10:50,2023-12-08,2023-12-08 08:50:00 UTC,Asia/Hebron,5949200,avrahamo,Avraham Ostreicher,2023-12-09 22:12:53 UTC,2024-03-12 15:48:45 UTC,research,,https://www.inaturalist.org/observations/193534157,https://static.inaturalist.org/photos/339981648/medium.jpeg,,"",,2,0,false,,"Jericho, PS-WE, PS",32.095565387,35.4603018019,50,,,,50,,open,false,,,סלעית לבנת כנף,Oenanthe lugens,Mourning Wheatear,Aves,12821
194679354,2023/12/11 15:28,2023-12-11,2023-12-11 13:28:00 UTC,Asia/Hebron,5930385,yehuda_sar_shalom,Yehuda Sar Shalom,2023-12-23 20:33:46 UTC,2024-03-12 15:48:40 UTC,research,CC-BY-NC,https://www.inaturalist.org/observations/194679354,https://static.inaturalist.org/photos/342269407/medium.jpeg,,"Israel, ישראל, samaria, שומרון, Har Bracha, הר ברכה",,2,0,false,,"Har Bracha, Israel",32.1949366667,35.2608383333,,,,,,,open,false,,,עגור אפור,Grus grus,Common Crane,Aves,41
194983440,2023/12/21 4:15 AM,2023-12-21,2023-12-21 01:15:00 UTC,Asia/Amman,3269574,flwildbeauty,"",2023-12-27 15:08:33 UTC,2024-03-12 15:48:39 UTC,research,,https://www.inaturalist.org/observations/194983440,https://static.inaturalist.org/photos/342899154/medium.jpg,,"",,2,0,false,,"Juwafat al-Kafrayn, Jordan",31.8372183,35.5503094,196,,,,196,,open,false,,,Spanish Sparrow,Passer hispaniolensis,Spanish Sparrow,Aves,13854
194988188,2023/12/22 2:22 AM,2023-12-22,2023-12-22 00:22:00 UTC,Asia/Hebron,3269574,flwildbeauty,"",2023-12-27 16:11:36 UTC,2024-03-12 15:48:37 UTC,research,,https://www.inaturalist.org/observations/194988188,https://static.inaturalist.org/photos/342907900/medium.jpg,,"",,2,0,false,,Dead Sea,31.5590287,35.4731895,25615,,,,25615,,open,false,,,Palestine Sunbird,Cinnyris osea,Palestine Sunbird,Aves,145180
194988190,2023/12/22 1:48 AM,2023-12-22,2023-12-21 23:48:00 UTC,Asia/Hebron,3269574,flwildbeauty,"",2023-12-27 16:11:37 UTC,2023-12-29 00:00:38 UTC,research,,https://www.inaturalist.org/observations/194988190,https://static.inaturalist.org/photos/342908057/medium.jpg,,"",,1,0,false,,Dead Sea,31.5590287,35.4731895,25615,,,,25615,,open,false,,,Eurasian Crag Martin,Ptyonoprogne rupestris,Eurasian Crag Martin,Aves,144788
195156838,2023/12/27 2:35 PM,2023-12-27,2023-12-27 11:35:00 UTC,Asia/Amman,6057935,dragonfyre,Dragonfyre,2023-12-29 09:56:28 UTC,2024-03-12 15:48:33 UTC,research,CC-BY-NC,https://www.inaturalist.org/observations/195156838,https://inaturalist-open-data.s3.amazonaws.com/photos/343251700/medium.jpeg,,"",,3,0,false,,"Jericho, PS-WE, PS",31.8367897293,35.5472378168,15,,,,15,,open,false,,,Piccione domestico,Columba livia domestica,Feral Pigeon,Aves,122767
195862813,2024-01-05 15:14:05+02:00,2024-01-05,2024-01-05 13:14:05 UTC,Asia/Hebron,6578074,yyzopp,Дмитрий Ивашкин,2024-01-05 20:27:13 UTC,2024-03-12 15:48:30 UTC,research,,https://www.inaturalist.org/observations/195862813,https://static.inaturalist.org/photos/344683740/medium.jpg,,"","",2,0,false,3,Yalu,31.8359116667,35.00995555,4,,,,4,,open,false,,,Обыкновенная зеленушка,Chloris chloris,European Greenfinch,Aves,145360
197133224,2024-01-20 14:04:57+02:00,2024-01-20,2024-01-20 12:04:57 UTC,Asia/Hebron,3586671,cat-from-schrodingers-experiment,,2024-01-20 12:08:49 UTC,2024-03-12 15:48:23 UTC,research,CC-BY-NC,https://www.inaturalist.org/observations/197133224,https://inaturalist-open-data.s3.amazonaws.com/photos/347603475/medium.jpg,,"","",2,0,false,3,,31.9360442084,35.3362057943,65131,,,,65131,obscured,open,true,,,White Wagtail,Motacilla alba,White Wagtail,Aves,13695
199354687,2024-02-15 13:38:37,2024-02-15,2024-02-15 11:38:37 UTC,Jerusalem,507359,clementaubert,Clément Aubert,2024-02-15 11:39:46 UTC,2024-02-15 20:02:53 UTC,research,CC-BY-NC,https://www.inaturalist.org/observations/199354687,https://inaturalist-open-data.s3.amazonaws.com/photos/351557639/medium.jpeg,,"",,2,0,false,2,"Jerusalem, PS-WE, PS",31.7817929499,35.2355444804,9,,,,9,,open,false,gps,gps,Canard de Barbarie domestique,Cairina moschata domestica,Domestic Muscovy Duck,Aves,204094
201381605,2024-03-04 16:34:49,2024-03-04,2024-03-04 14:34:49 UTC,Jerusalem,4240443,polyabel,Pelagiya Belyakova,2024-03-05 16:40:50 UTC,2024-03-12 15:47:41 UTC,research,CC-BY-NC,https://www.inaturalist.org/observations/201381605,https://inaturalist-open-data.s3.amazonaws.com/photos/355480276/medium.jpeg,,"",,2,0,false,2,"מאיר נקר 34, Jerusalem",31.7511761997,35.2401531,,,,,,,open,false,gps,gps,Палестинская нектарница,Cinnyris osea,Palestine Sunbird,Aves,145180
202778306,2024/03/12 12:23 PM,2024-03-12,2024-03-12 10:23:00 UTC,Asia/Hebron,6321310,arik_dorfman,Arik Dorfman,2024-03-17 06:32:29 UTC,2024-03-19 11:52:07 UTC,research,CC-BY-NC,https://www.inaturalist.org/observations/202778306,https://inaturalist-open-data.s3.amazonaws.com/photos/358175223/medium.jpeg,,"",,1,0,false,,Nahal David,31.4816540621,35.371304776,3590,,,,3590,,open,false,,,טריסטמית,Onychognathus tristramii,Tristram's Starling,Aves,14978
202778307,2024/03/12 12:17 PM,2024-03-12,2024-03-12 10:17:00 UTC,Asia/Hebron,6321310,arik_dorfman,Arik Dorfman,2024-03-17 06:32:29 UTC,2024-03-19 11:53:07 UTC,research,CC-BY-NC,https://www.inaturalist.org/observations/202778307,https://inaturalist-open-data.s3.amazonaws.com/photos/358175119/medium.jpeg,,"",,1,0,false,,Nahal David,31.4816540621,35.371304776,3590,,,,3590,,open,false,,,שחור זנב,Oenanthe melanura,Blackstart,Aves,980212
205263732,2024/03/15 08:33,2024-03-15,2024-03-15 06:33:00 UTC,Asia/Hebron,5930385,yehuda_sar_shalom,Yehuda Sar Shalom,2024-04-03 18:19:19 UTC,2024-07-26 18:20:49 UTC,research,CC-BY-NC,https://www.inaturalist.org/observations/205263732,https://static.inaturalist.org/photos/362918167/medium.jpeg,,"Israel, ישראל, samaria, שומרון, הר כביר, אלון מורה, Kabir Mountain, אלון_מורה, הר_כביר, Kabir_Mountain",,2,0,false,,אלון מורה,32.2211183333,35.361195,,,,,,,open,false,,,צוקית בודדת,Monticola solitarius,Blue Rock-Thrush,Aves,13141
207373189,2024-04-15 14:01:42,2024-04-15,2024-04-15 12:01:42 UTC,Asia/Hebron,7919434,sauriscus,,2024-04-15 11:31:33 UTC,2024-04-21 09:08:51 UTC,research,CC-BY-NC,https://www.inaturalist.org/observations/207373189,https://inaturalist-open-data.s3.amazonaws.com/photos/366803437/medium.jpeg,,"",,2,0,false,2,"Hebron, PS-WE, PS",31.376173072,35.1105451584,2605,,,,2605,,open,false,gps,gps,Woodchat Shrike,Lanius senator,Woodchat Shrike,Aves,12039
207422474,2024-04-15 18:02:38,2024-04-15,2024-04-15 16:02:38 UTC,Asia/Hebron,7919434,sauriscus,,2024-04-15 17:01:57 UTC,2024-04-15 19:15:13 UTC,research,CC-BY-NC,https://www.inaturalist.org/observations/207422474,https://inaturalist-open-data.s3.amazonaws.com/photos/366892742/medium.jpeg,,"","I think it's an Ortolan, but could be Cretzchmar's? Or something else? The white moustache was very apparent in the field",1,0,false,2,"Hebron, PS-WE, PS",31.3873527778,35.1318583333,,,,,,,open,false,,,Ortolan Bunting,Emberiza hortulana,Ortolan Bunting,Aves,9196
207923621,2024-04-18 09:12:56,2024-04-18,2024-04-18 07:12:56 UTC,Asia/Hebron,7919434,sauriscus,,2024-04-18 14:14:31 UTC,2024-07-26 18:19:54 UTC,research,CC-BY-NC,https://www.inaturalist.org/observations/207923621,https://inaturalist-open-data.s3.amazonaws.com/photos/367835701/medium.jpeg,,"",,2,0,false,2,"94R6+979, Susya",31.3846427633,35.1333322003,118,,,,118,,open,false,gps,gps,Booted Eagle,Hieraaetus pennatus,Booted Eagle,Aves,5154
208244063,2024-04-11 08:20:28,2024-04-11,2024-04-11 05:20:28 UTC,Jerusalem,3723035,naturalist46655,Евсей Ромов,2024-04-20 10:59:08 UTC,2024-04-21 22:22:52 UTC,research,,https://www.inaturalist.org/observations/208244063,https://static.inaturalist.org/photos/368432474/medium.jpeg,,"",,2,0,false,2,"Oz Police, Jerusalem",31.7522815997,35.2400543997,,,,,,,open,false,,,Common Myna,Acridotheres tristis,Common Myna,Aves,204454
209264970,2024-04-25 10:52:26,2024-04-25,2024-04-25 07:52:26 UTC,Asia/Hebron,3947162,maayan_avni,maayan avni,2024-04-25 15:06:00 UTC,2024-04-25 23:21:41 UTC,research,,https://www.inaturalist.org/observations/209264970,https://static.inaturalist.org/photos/370329053/medium.jpeg,,"",,1,0,false,2,"Bethlehem, PS-WE, PS",31.7147159722,35.4563429722,,,,,,,open,false,,,Eurasian Blackcap,Sylvia atricapilla,Eurasian Blackcap,Aves,15282
209265719,2024-04-25 10:53:05,2024-04-25,2024-04-25 07:53:05 UTC,Asia/Hebron,3947162,maayan_avni,maayan avni,2024-04-25 15:10:53 UTC,2024-04-25 15:11:00 UTC,needs_id,,https://www.inaturalist.org/observations/209265719,https://static.inaturalist.org/photos/370330523/medium.jpeg,,"",,0,0,false,2,"Bethlehem, PS-WE, PS",31.7147299722,35.4563259722,,,,,,,open,false,gps,gps,חרגולן זמירי,Locustella luscinioides,Savi's Warbler,Aves,116940
209270527,2024-04-25 16:21:07,2024-04-25,2024-04-25 13:21:07 UTC,Asia/Hebron,3947162,maayan_avni,maayan avni,2024-04-25 15:41:39 UTC,2024-04-26 05:07:17 UTC,needs_id,,https://www.inaturalist.org/observations/209270527,https://static.inaturalist.org/photos/370338815/medium.jpeg,,"",,0,0,false,2,"Bethlehem, PS-WE, PS",31.71458,35.4547039722,,,,,,,open,false,gps,gps,פשוש,Prinia gracilis,Graceful Prinia,Aves,7707
209728419,2024/04/26 08:20,2024-04-26,2024-04-26 05:20:00 UTC,Jerusalem,3677982,dmtrsav,Dmitry Savikovsky,2024-04-26 19:13:36 UTC,2024-05-03 14:53:34 UTC,research,CC-BY-NC-ND,https://www.inaturalist.org/observations/209728419,https://inaturalist-open-data.s3.amazonaws.com/photos/371078040/medium.jpeg,,"",,2,0,false,,Mevo Horon,31.867735561,35.0117970057,651,,,,651,,open,false,,,Веерохвостая цистикола,Cisticola juncidis,Zitting Cisticola,Aves,7697
209732545,2024/04/26 08:24,2024-04-26,2024-04-26 05:24:00 UTC,Jerusalem,3677982,dmtrsav,Dmitry Savikovsky,2024-04-26 19:21:05 UTC,2024-07-26 18:19:47 UTC,research,CC-BY-NC-ND,https://www.inaturalist.org/observations/209732545,https://inaturalist-open-data.s3.amazonaws.com/photos/371083696/medium.jpeg,,"",,2,0,false,,Mevo Horon,31.867735561,35.0117970057,651,,,,651,,open,false,,,Черноголовая славка,Sylvia atricapilla,Eurasian Blackcap,Aves,15282
209734093,2024/04/26 08:28,2024-04-26,2024-04-26 05:28:00 UTC,Jerusalem,3677982,dmtrsav,Dmitry Savikovsky,2024-04-26 19:24:01 UTC,2024-04-26 21:54:07 UTC,research,CC-BY-NC-ND,https://www.inaturalist.org/observations/209734093,https://inaturalist-open-data.s3.amazonaws.com/photos/371087885/medium.jpeg,,"",,1,0,false,,Mevo Horon,31.867735561,35.0117970057,651,,,,651,,open,false,,,Обыкновенный жулан,Lanius collurio,Red-backed Shrike,Aves,12038
209766555,2024/04/26 09:03,2024-04-26,2024-04-26 06:03:00 UTC,Jerusalem,3677982,dmtrsav,Dmitry Savikovsky,2024-04-26 20:18:49 UTC,2024-04-26 21:53:48 UTC,research,CC-BY-NC-ND,https://www.inaturalist.org/observations/209766555,https://inaturalist-open-data.s3.amazonaws.com/photos/371138575/medium.jpeg,,"",,1,0,false,,Mevo Horon,31.867735561,35.0117970057,651,,,,651,,open,false,,,Кольчатая горлица,Streptopelia decaocto,Eurasian Collared-Dove,Aves,2969
209768337,2024/04/26 09:28,2024-04-26,2024-04-26 06:28:00 UTC,Jerusalem,3677982,dmtrsav,Dmitry Savikovsky,2024-04-26 20:21:56 UTC,2024-07-26 18:19:40 UTC,research,CC-BY-NC-ND,https://www.inaturalist.org/observations/209768337,https://inaturalist-open-data.s3.amazonaws.com/photos/371141005/medium.jpeg,,"",,2,0,false,,Mevo Horon,31.867735561,35.0117970057,651,,,,651,,open,false,,,Золотистая щурка,Merops apiaster,European Bee-eater,Aves,2191
209770421,2024/04/26 09:35,2024-04-26,2024-04-26 06:35:00 UTC,Jerusalem,3677982,dmtrsav,Dmitry Savikovsky,2024-04-26 20:25:46 UTC,2024-04-27 16:15:30 UTC,research,CC-BY-NC-ND,https://www.inaturalist.org/observations/209770421,https://inaturalist-open-data.s3.amazonaws.com/photos/371146119/medium.jpeg,,"",,1,0,false,,Mevo Horon,31.867735561,35.0117970057,651,,,,651,,open,false,,,Просянка,Emberiza calandra,Corn Bunting,Aves,145291
210254554,2024/04/26 10:04,2024-04-26,2024-04-26 07:04:00 UTC,Jerusalem,3677982,dmtrsav,Dmitry Savikovsky,2024-04-27 16:34:18 UTC,2024-04-27 23:31:45 UTC,research,CC-BY-NC-ND,https://www.inaturalist.org/observations/210254554,https://inaturalist-open-data.s3.amazonaws.com/photos/371912429/medium.jpeg,,"",,1,0,false,,Mevo Horon,31.867735561,35.0117970057,651,,,,651,,open,false,,,Хохлатый жаворонок,Galerida cristata,Crested Lark,Aves,578607
210288060,2024/04/26 10:39,2024-04-26,2024-04-26 07:39:00 UTC,Jerusalem,3677982,dmtrsav,Dmitry Savikovsky,2024-04-27 17:27:22 UTC,2024-07-20 13:02:44 UTC,research,CC-BY-NC-ND,https://www.inaturalist.org/observations/210288060,https://inaturalist-open-data.s3.amazonaws.com/photos/371965071/medium.jpeg,,"","",2,0,false,,Mevo Horon,31.867735561,35.0117970057,651,,,,651,,open,false,,,Славка-мельничек,Curruca curruca,Lesser Whitethroat,Aves,1289484
210300335,2024/04/26 10:52,2024-04-26,2024-04-26 07:52:00 UTC,Jerusalem,3677982,dmtrsav,Dmitry Savikovsky,2024-04-27 17:46:58 UTC,2024-04-28 10:14:48 UTC,research,CC-BY-NC-ND,https://www.inaturalist.org/observations/210300335,https://inaturalist-open-data.s3.amazonaws.com/photos/371985410/medium.jpeg,,"",,1,0,false,,Mevo Horon,31.867735561,35.0117970057,651,,,,651,,open,false,,,Авдотка,Burhinus oedicnemus,Eurasian Stone-curlew,Aves,4923
210307489,2024/04/26 11:09,2024-04-26,2024-04-26 08:09:00 UTC,Jerusalem,3677982,dmtrsav,Dmitry Savikovsky,2024-04-27 17:58:06 UTC,2024-07-30 11:15:30 UTC,research,CC-BY-NC-ND,https://www.inaturalist.org/observations/210307489,https://inaturalist-open-data.s3.amazonaws.com/photos/371995834/medium.jpeg,,"",,2,0,false,,Mevo Horon,31.867735561,35.0117970057,651,,,,651,,open,false,,,Азиатский кеклик,Alectoris chukar,Chukar,Aves,846
210309177,2024/04/26 11:16,2024-04-26,2024-04-26 08:16:00 UTC,Jerusalem,3677982,dmtrsav,Dmitry Savikovsky,2024-04-27 18:00:29 UTC,2024-04-28 10:14:21 UTC,research,CC-BY-NC-ND,https://www.inaturalist.org/observations/210309177,https://inaturalist-open-data.s3.amazonaws.com/photos/371998321/medium.jpeg,,"",,1,0,false,,Mevo Horon,31.867735561,35.0117970057,651,,,,651,,open,false,,,Кольчатая горлица,Streptopelia decaocto,Eurasian Collared-Dove,Aves,2969
210326756,2024/04/06 10:48,2024-04-06,2024-04-06 07:48:00 UTC,Jerusalem,3677982,dmtrsav,Dmitry Savikovsky,2024-04-27 18:29:33 UTC,2024-04-27 23:28:37 UTC,research,CC-BY-NC-ND,https://www.inaturalist.org/observations/210326756,https://inaturalist-open-data.s3.amazonaws.com/photos/372026549/medium.jpeg,,"",,1,0,false,,Mevo Horon,31.867735561,35.0117970057,651,,,,651,,open,false,,,Просянка,Emberiza calandra,Corn Bunting,Aves,145291
211850317,2024/04/06 09:15,2024-04-06,2024-04-06 06:15:00 UTC,Jerusalem,3677982,dmtrsav,Dmitry Savikovsky,2024-04-29 21:01:16 UTC,2024-04-29 21:02:03 UTC,research,CC-BY-NC-ND,https://www.inaturalist.org/observations/211850317,https://inaturalist-open-data.s3.amazonaws.com/photos/374447692/medium.jpeg,,"",,1,0,false,,Mevo Horon,31.867735561,35.0117970057,651,,,,651,,open,false,,,Красноголовый сорокопут,Lanius senator,Woodchat Shrike,Aves,12039
213236027,2024/04/25 5:18 PM,2024-04-25,2024-04-25 14:18:00 UTC,Asia/Hebron,5704973,jonathanbensimon,Jonathan Ben Simon,2024-05-03 20:18:43 UTC,2024-05-04 17:06:28 UTC,research,CC-BY-NC,https://www.inaturalist.org/observations/213236027,https://static.inaturalist.org/photos/376836527/medium.jpg,,"",,1,0,false,,"Salfit, PS-WE, PS",32.1003535699,35.0013685286,838,,,,838,,open,false,,,Crested Lark,Galerida cristata,Crested Lark,Aves,578607
213236031,2024/04/25 5:25 PM,2024-04-25,2024-04-25 14:25:00 UTC,Asia/Hebron,5704973,jonathanbensimon,Jonathan Ben Simon,2024-05-03 20:18:43 UTC,2024-05-03 23:58:20 UTC,research,CC-BY-NC,https://www.inaturalist.org/observations/213236031,https://static.inaturalist.org/photos/376836523/medium.jpg,,"",,1,0,false,,"Salfit, PS-WE, PS",32.1003535699,35.0013685286,838,,,,838,,open,false,,,Chukar,Alectoris chukar,Chukar,Aves,846
213236032,2024/04/25 4:22 PM,2024-04-25,2024-04-25 13:22:00 UTC,Asia/Hebron,5704973,jonathanbensimon,Jonathan Ben Simon,2024-05-03 20:18:44 UTC,2024-07-26 18:19:11 UTC,research,CC-BY-NC,https://www.inaturalist.org/observations/213236032,https://static.inaturalist.org/photos/376836553/medium.jpg,,"",,2,0,false,,"Salfit, PS-WE, PS",32.1003535699,35.0013685286,838,,,,838,,open,false,,,Red-backed Shrike,Lanius collurio,Red-backed Shrike,Aves,12038
213236034,2024/04/25 4:30 PM,2024-04-25,2024-04-25 13:30:00 UTC,Asia/Hebron,5704973,jonathanbensimon,Jonathan Ben Simon,2024-05-03 20:18:44 UTC,2024-05-04 23:52:28 UTC,research,CC-BY-NC,https://www.inaturalist.org/observations/213236034,https://static.inaturalist.org/photos/376836563/medium.jpg,,"",,1,0,false,,"Salfit, PS-WE, PS",32.1003535699,35.0013685286,838,,,,838,,,false,,,Eastern Black-eared Wheatear,Oenanthe melanoleuca,Eastern Black-eared Wheatear,Aves,1286971
213236036,2024/04/25 4:30 PM,2024-04-25,2024-04-25 13:30:00 UTC,Asia/Hebron,5704973,jonathanbensimon,Jonathan Ben Simon,2024-05-03 20:18:44 UTC,2024-05-04 23:52:11 UTC,research,CC-BY-NC,https://www.inaturalist.org/observations/213236036,https://static.inaturalist.org/photos/376836560/medium.jpg,,"",,1,0,false,,"Salfit, PS-WE, PS",32.1003535699,35.0013685286,838,,,,838,,open,false,,,Eurasian Sparrowhawk,Accipiter nisus,Eurasian Sparrowhawk,Aves,5106
213236039,2024/04/25 4:37 PM,2024-04-25,2024-04-25 13:37:00 UTC,Asia/Hebron,5704973,jonathanbensimon,Jonathan Ben Simon,2024-05-03 20:18:45 UTC,2024-05-05 08:16:08 UTC,research,CC-BY-NC,https://www.inaturalist.org/observations/213236039,https://static.inaturalist.org/photos/376836587/medium.jpg,,"",,2,0,false,,"Salfit, PS-WE, PS",32.1003535699,35.0013685286,838,,,,838,,open,false,,,European Turtle-Dove,Streptopelia turtur,European Turtle-Dove,Aves,2938
213516667,2024/04/06 11:44,2024-04-06,2024-04-06 08:44:00 UTC,Jerusalem,3677982,dmtrsav,Dmitry Savikovsky,2024-05-04 20:58:24 UTC,2024-05-05 14:33:37 UTC,research,CC-BY-NC-ND,https://www.inaturalist.org/observations/213516667,https://inaturalist-open-data.s3.amazonaws.com/photos/377345828/medium.jpeg,,"",,1,0,false,,Mevo Horon,31.867735561,35.0117970057,651,,,,651,,open,false,,,Средиземноморская славка,Curruca melanocephala,Sardinian Warbler,Aves,1289472
213932679,2024-05-06 10:54:28,2024-05-06,2024-05-06 07:54:28 UTC,Jerusalem,4240443,polyabel,Pelagiya Belyakova,2024-05-06 07:56:58 UTC,2024-05-07 08:00:12 UTC,research,CC-BY-NC,https://www.inaturalist.org/observations/213932679,https://inaturalist-open-data.s3.amazonaws.com/photos/378096470/medium.jpeg,,"",,1,0,false,2,Иерусалим,31.7517193,35.2398899,,,,,,,,false,gps,gps,דררה מצויה,Psittacula krameri,Rose-ringed Parakeet,Aves,18911
214670834,2024/04/28 10:22,2024-04-28,2024-04-28 07:22:00 UTC,Asia/Hebron,6633227,motti_beifus,,2024-05-09 21:31:30 UTC,2024-05-10 06:08:14 UTC,research,CC-BY-NC,https://www.inaturalist.org/observations/214670834,https://inaturalist-open-data.s3.amazonaws.com/photos/379462814/medium.jpeg,,"",,2,0,false,,מודיעין עילית,31.9152928952,35.0410017633,1215,,,,1215,,open,false,,,זהבן מחלל,Oriolus oriolus,Eurasian Golden Oriole,Aves,204556
215433660,2024/05/10 6:24 AM,2024-05-10,2024-05-10 03:24:00 UTC,Asia/Hebron,4217199,yair_ben_perets,Yair ben perets,2024-05-13 04:53:54 UTC,2024-05-13 11:55:39 UTC,research,,https://www.inaturalist.org/observations/215433660,https://static.inaturalist.org/photos/380879138/medium.jpeg,,"","",1,0,false,,"Jericho, West Bank, Palestine",31.99444,35.4995283333,,,,,,,open,false,,,תור מצוי,Streptopelia turtur,European Turtle-Dove,Aves,2938
215433663,2024/05/10 6:24 AM,2024-05-10,2024-05-10 03:24:00 UTC,Asia/Hebron,4217199,yair_ben_perets,Yair ben perets,2024-05-13 04:53:54 UTC,2024-07-26 18:19:02 UTC,research,,https://www.inaturalist.org/observations/215433663,https://static.inaturalist.org/photos/380879160/medium.jpeg,,"","",2,0,false,,"Jericho, West Bank, Palestine",31.994405,35.4993883333,,,,,,,open,false,,,שרקרק ירוק,Merops persicus,Blue-cheeked Bee-eater,Aves,2245
215433664,2024/05/10 6:26 AM,2024-05-10,2024-05-10 03:26:00 UTC,Asia/Hebron,4217199,yair_ben_perets,Yair ben perets,2024-05-13 04:53:54 UTC,2024-05-13 11:54:35 UTC,research,,https://www.inaturalist.org/observations/215433664,https://static.inaturalist.org/photos/380879263/medium.jpeg,,"","",1,0,false,,"Jericho, West Bank, Palestine",31.9942533333,35.4992716667,,,,,,,open,false,,,תמירון,Himantopus himantopus,Black-winged Stilt,Aves,4835
215433666,2024/05/10 6:27 AM,2024-05-10,2024-05-10 03:27:00 UTC,Asia/Hebron,4217199,yair_ben_perets,Yair ben perets,2024-05-13 04:53:55 UTC,2024-05-13 06:46:58 UTC,research,,https://www.inaturalist.org/observations/215433666,https://static.inaturalist.org/photos/380879363/medium.jpeg,,"","",1,0,false,,"Jericho, West Bank, Palestine",31.994275,35.4993283333,,,,,,,open,false,,,חופית קטנה,Calidris minuta,Little Stint,Aves,3838
215433667,2024/05/10 6:34 AM,2024-05-10,2024-05-10 03:34:00 UTC,Asia/Hebron,4217199,yair_ben_perets,Yair ben perets,2024-05-13 04:53:55 UTC,2024-05-13 11:52:06 UTC,research,,https://www.inaturalist.org/observations/215433667,https://static.inaturalist.org/photos/380879370/medium.jpeg,,"","",1,0,false,,"Jericho, West Bank, Palestine",31.994275,35.4992666667,,,,,,,open,false,,,חוֹפמי אלכסנדרי,Anarhynchus alexandrinus,Kentish Plover,Aves,1505620
215433668,2024/05/10 6:36 AM,2024-05-10,2024-05-10 03:36:00 UTC,Asia/Hebron,4217199,yair_ben_perets,Yair ben perets,2024-05-13 04:53:55 UTC,2024-05-13 11:52:29 UTC,research,,https://www.inaturalist.org/observations/215433668,https://static.inaturalist.org/photos/380879406/medium.jpeg,,"","",1,0,false,,"Jericho, West Bank, Palestine",31.9941916667,35.4992533333,,,,,,,open,false,,,סיקסק,Vanellus spinosus,Spur-winged Lapwing,Aves,4866
215433670,2024/05/10 6:42 AM,2024-05-10,2024-05-10 03:42:00 UTC,Asia/Hebron,4217199,yair_ben_perets,Yair ben perets,2024-05-13 04:53:56 UTC,2024-05-13 11:53:52 UTC,research,,https://www.inaturalist.org/observations/215433670,https://static.inaturalist.org/photos/380879497/medium.jpeg,,"","",1,0,false,,"Jericho, West Bank, Palestine",31.9943033333,35.4992066667,,,,,,,open,false,,,סבכי טוֹחנים,Curruca curruca,Lesser Whitethroat,Aves,1289484
215433671,2024/05/10 6:55 AM,2024-05-10,2024-05-10 03:55:00 UTC,Asia/Hebron,4217199,yair_ben_perets,Yair ben perets,2024-05-13 04:53:56 UTC,2024-05-13 11:50:21 UTC,research,,https://www.inaturalist.org/observations/215433671,https://static.inaturalist.org/photos/380879579/medium.jpeg,,"","",1,0,false,,"Jericho, West Bank, Palestine",31.998535,35.5075266667,,,,,,,open,false,,,חנקן גדוֹל,Lanius excubitor,Great Gray Shrike,Aves,559070
215433672,2024/05/10 6:37 AM,2024-05-10,2024-05-10 03:37:00 UTC,Asia/Hebron,4217199,yair_ben_perets,Yair ben perets,2024-05-13 04:53:56 UTC,2024-05-13 10:00:22 UTC,research,,https://www.inaturalist.org/observations/215433672,https://static.inaturalist.org/photos/380879405/medium.jpeg,,"","",1,0,false,,"Jericho, West Bank, Palestine",31.9942033333,35.4992333333,,,,,,,open,false,,,תור מצוי,Streptopelia turtur,European Turtle-Dove,Aves,2938
215433673,2024/05/10 7:07 AM,2024-05-10,2024-05-10 04:07:00 UTC,Asia/Hebron,4217199,yair_ben_perets,Yair ben perets,2024-05-13 04:53:57 UTC,2024-07-26 18:18:46 UTC,research,,https://www.inaturalist.org/observations/215433673,https://static.inaturalist.org/photos/380879663/medium.jpeg,,"","",2,0,false,,"Jericho, West Bank, Palestine",32.016605,35.4827216667,,,,,,,open,false,,,דיה שחורה,Milvus migrans,Black Kite,Aves,5268
215433674,2024/05/10 7:11 AM,2024-05-10,2024-05-10 04:11:00 UTC,Asia/Hebron,4217199,yair_ben_perets,Yair ben perets,2024-05-13 04:53:57 UTC,2024-05-13 11:37:49 UTC,research,,https://www.inaturalist.org/observations/215433674,https://static.inaturalist.org/photos/380879733/medium.jpeg,,"","",1,0,false,,"Jericho, West Bank, Palestine",32.0214066667,35.4722633333,,,,,,,open,false,,,דוכיפת,Upupa epops,Common Hoopoe,Aves,20969
215433675,2024/05/10 7:11 AM,2024-05-10,2024-05-10 04:11:00 UTC,Asia/Hebron,4217199,yair_ben_perets,Yair ben perets,2024-05-13 04:53:57 UTC,2024-05-13 06:24:07 UTC,research,,https://www.inaturalist.org/observations/215433675,https://static.inaturalist.org/photos/380879780/medium.jpeg,,"","",1,0,false,,"Jericho, West Bank, Palestine",32.0213883333,35.4722933333,,,,,,,open,false,,,תור צווארון,Streptopelia decaocto,Eurasian Collared-Dove,Aves,2969
215433677,2024/05/10 7:18 AM,2024-05-10,2024-05-10 04:18:00 UTC,Asia/Hebron,4217199,yair_ben_perets,Yair ben perets,2024-05-13 04:53:58 UTC,2024-05-13 11:36:36 UTC,research,,https://www.inaturalist.org/observations/215433677,https://static.inaturalist.org/photos/380879874/medium.jpeg,,"","",1,0,false,,"Jericho, West Bank, Palestine",32.0207066667,35.4718783333,,,,,,,open,false,,,שרקרק מצוי,Merops apiaster,European Bee-eater,Aves,2191
215433680,2024/05/10 7:30 AM,2024-05-10,2024-05-10 04:30:00 UTC,Asia/Hebron,4217199,yair_ben_perets,Yair ben perets,2024-05-13 04:53:59 UTC,2024-05-13 04:53:59 UTC,needs_id,,https://www.inaturalist.org/observations/215433680,https://static.inaturalist.org/photos/380879956/medium.jpeg,,"","",0,0,false,,"Jericho, West Bank, Palestine",32.0195116667,35.4719833333,,,,,,,open,false,,,סבכי שחור-ראש,Curruca melanocephala,Sardinian Warbler,Aves,1289472
215433682,2024/05/10 7:44 AM,2024-05-10,2024-05-10 04:44:00 UTC,Asia/Hebron,4217199,yair_ben_perets,Yair ben perets,2024-05-13 04:53:59 UTC,2024-05-13 11:35:23 UTC,research,,https://www.inaturalist.org/observations/215433682,https://static.inaturalist.org/photos/380880064/medium.jpeg,,"","",1,0,false,,"Jericho, West Bank, Palestine",32.0188433333,35.4724316667,,,,,,,open,false,,,חמרייה חלודת זנב,Cercotrichas galactotes,Rufous-tailed Scrub-Robin,Aves,145026
215433686,2024/05/10 8:09 AM,2024-05-10,2024-05-10 05:09:00 UTC,Asia/Hebron,4217199,yair_ben_perets,Yair ben perets,2024-05-13 04:54:00 UTC,2024-05-13 11:35:14 UTC,research,,https://www.inaturalist.org/observations/215433686,https://static.inaturalist.org/photos/380880219/medium.jpeg,,"","",1,0,false,,"Jericho, West Bank, Palestine",32.0279916667,35.4710716667,,,,,,,open,false,,,חמרייה חלודת זנב,Cercotrichas galactotes,Rufous-tailed Scrub-Robin,Aves,145026
215433688,2024/05/10 8:11 AM,2024-05-10,2024-05-10 05:11:00 UTC,Asia/Hebron,4217199,yair_ben_perets,Yair ben perets,2024-05-13 04:54:01 UTC,2024-05-13 11:34:43 UTC,research,,https://www.inaturalist.org/observations/215433688,https://static.inaturalist.org/photos/380880302/medium.jpeg,,"","",1,0,false,,"Jericho, West Bank, Palestine",32.0318716667,35.474805,,,,,,,open,false,,,חנקן גדוֹל,Lanius excubitor,Great Gray Shrike,Aves,559070
215433689,2024/05/10 8:24 AM,2024-05-10,2024-05-10 05:24:00 UTC,Asia/Hebron,4217199,yair_ben_perets,Yair ben perets,2024-05-13 04:54:01 UTC,2024-05-13 10:00:07 UTC,research,,https://www.inaturalist.org/observations/215433689,https://static.inaturalist.org/photos/380880309/medium.jpeg,,"","",1,0,false,,"Jericho, West Bank, Palestine",32.0553583333,35.4852433333,,,,,,,open,false,,,תור מצוי,Streptopelia turtur,European Turtle-Dove,Aves,2938
215433690,2024/05/10 8:30 AM,2024-05-10,2024-05-10 05:30:00 UTC,Asia/Hebron,4217199,yair_ben_perets,Yair ben perets,2024-05-13 04:54:01 UTC,2024-07-26 18:18:34 UTC,research,,https://www.inaturalist.org/observations/215433690,https://static.inaturalist.org/photos/380880350/medium.jpeg,,"","",2,0,false,,"Jericho, West Bank, Palestine",32.0648133333,35.4900633333,,,,,,,,false,,,שרקרק גמדי,Merops cyanophrys,Arabian Green Bee-eater,Aves,1430301
215433693,2024/05/10 8:32 AM,2024-05-10,2024-05-10 05:32:00 UTC,Asia/Hebron,4217199,yair_ben_perets,Yair ben perets,2024-05-13 04:54:02 UTC,2024-05-13 10:31:36 UTC,research,,https://www.inaturalist.org/observations/215433693,https://static.inaturalist.org/photos/380880410/medium.jpeg,,"","",1,0,false,,"Jericho, West Bank, Palestine",32.0649183333,35.49028,,,,,,,open,false,,,קאק,Corvus monedula,Eurasian Jackdaw,Aves,8000
215433694,2024/05/10 8:34 AM,2024-05-10,2024-05-10 05:34:00 UTC,Asia/Hebron,4217199,yair_ben_perets,Yair ben perets,2024-05-13 04:54:02 UTC,2024-05-13 11:49:04 UTC,research,,https://www.inaturalist.org/observations/215433694,https://static.inaturalist.org/photos/380880479/medium.jpeg,,"","",1,0,false,,"Jericho, West Bank, Palestine",32.0648916667,35.490235,,,,,,,open,false,,,דיה שחורה,Milvus migrans,Black Kite,Aves,5268
215433696,2024/05/10 8:39 AM,2024-05-10,2024-05-10 05:39:00 UTC,Asia/Hebron,4217199,yair_ben_perets,Yair ben perets,2024-05-13 04:54:02 UTC,2024-05-13 05:32:54 UTC,research,,https://www.inaturalist.org/observations/215433696,https://static.inaturalist.org/photos/380880541/medium.jpeg,,"","",1,0,false,,"Jericho, West Bank, Palestine",32.064405,35.4943166667,,,,,,,,false,,,שרקרק גמדי,Merops cyanophrys,Arabian Green Bee-eater,Aves,1430301
215433697,2024/05/10 8:57 AM,2024-05-10,2024-05-10 05:57:00 UTC,Asia/Hebron,4217199,yair_ben_perets,Yair ben perets,2024-05-13 04:54:03 UTC,2024-07-19 16:46:33 UTC,research,,https://www.inaturalist.org/observations/215433697,https://static.inaturalist.org/photos/380880543/medium.jpeg,,"","",1,0,false,,"Jericho, West Bank, Palestine",32.0753866667,35.52156,,,,,,,open,false,,,שרקרק ירוק,Merops persicus,Blue-cheeked Bee-eater,Aves,2245
215433704,2024/05/10 9:20 AM,2024-05-10,2024-05-10 06:20:00 UTC,Asia/Hebron,4217199,yair_ben_perets,Yair ben perets,2024-05-13 04:54:04 UTC,2024-05-13 11:48:41 UTC,research,,https://www.inaturalist.org/observations/215433704,https://static.inaturalist.org/photos/380880689/medium.jpeg,,"","",1,0,false,,"Jericho, West Bank, Palestine",32.0754383333,35.5213966667,,,,,,,open,false,,,קורמורן גמדי,Microcarbo pygmaeus,Pygmy Cormorant,Aves,979813
215433709,2024/05/10 9:24 AM,2024-05-10,2024-05-10 06:24:00 UTC,Asia/Hebron,4217199,yair_ben_perets,Yair ben perets,2024-05-13 04:54:05 UTC,2024-05-13 22:44:08 UTC,research,,https://www.inaturalist.org/observations/215433709,https://static.inaturalist.org/photos/380880687/medium.jpeg,,"","",1,0,false,,"Jericho, West Bank, Palestine",32.0753816667,35.52147,,,,,,,open,false,,,אגמית מצויה,Fulica atra,Eurasian Coot,Aves,482
215433710,2024/05/10 9:24 AM,2024-05-10,2024-05-10 06:24:00 UTC,Asia/Hebron,4217199,yair_ben_perets,Yair ben perets,2024-05-13 04:54:05 UTC,2024-05-13 11:48:13 UTC,research,,https://www.inaturalist.org/observations/215433710,https://static.inaturalist.org/photos/380880701/medium.jpeg,,"","",1,0,false,,"Jericho, West Bank, Palestine",32.0753733333,35.5214233333,,,,,,,open,false,,,סופית,Gallinula chloropus,Eurasian Moorhen,Aves,201282
215433711,2024/05/10 9:48 AM,2024-05-10,2024-05-10 06:48:00 UTC,Asia/Hebron,4217199,yair_ben_perets,Yair ben perets,2024-05-13 04:54:05 UTC,2024-07-26 18:18:15 UTC,research,,https://www.inaturalist.org/observations/215433711,https://static.inaturalist.org/photos/380880717/medium.jpeg,,"","",2,0,false,,"Jericho, West Bank, Palestine",32.0750583333,35.5230316667,,,,,,,open,false,,,פרפור עקוד,Ceryle rudis,Pied Kingfisher,Aves,2662
215433714,2024/05/10 9:48 AM,2024-05-10,2024-05-10 06:48:00 UTC,Asia/Hebron,4217199,yair_ben_perets,Yair ben perets,2024-05-13 04:54:06 UTC,2024-07-16 23:37:19 UTC,research,,https://www.inaturalist.org/observations/215433714,https://static.inaturalist.org/photos/380880730/medium.jpeg,,"","",2,0,false,,"Jericho, West Bank, Palestine",32.0750583333,35.5230316667,,,,,,,open,false,,,דרור הירדן,Passer moabiticus,Dead Sea Sparrow,Aves,13868
215433715,2024/05/10 9:50 AM,2024-05-10,2024-05-10 06:50:00 UTC,Asia/Hebron,4217199,yair_ben_perets,Yair ben perets,2024-05-13 04:54:06 UTC,2024-05-13 05:32:12 UTC,research,,https://www.inaturalist.org/observations/215433715,https://static.inaturalist.org/photos/380880757/medium.jpeg,,"","",1,0,false,,"Jericho, West Bank, Palestine",32.0750466667,35.5230966667,,,,,,,open,false,,,עקב חורף,Buteo buteo,Common Buzzard,Aves,204472
215433716,2024/05/10 9:51 AM,2024-05-10,2024-05-10 06:51:00 UTC,Asia/Hebron,4217199,yair_ben_perets,Yair ben perets,2024-05-13 04:54:06 UTC,2024-05-13 05:32:03 UTC,research,,https://www.inaturalist.org/observations/215433716,https://static.inaturalist.org/photos/380880764/medium.jpeg,,"","",1,0,false,,"Jericho, West Bank, Palestine",32.0750116667,35.5231116667,,,,,,,open,false,,,אנפית בקר,Bubulcus ibis,Western Cattle-Egret,Aves,5017
215433719,2024/05/10 9:57 AM,2024-05-10,2024-05-10 06:57:00 UTC,Asia/Hebron,4217199,yair_ben_perets,Yair ben perets,2024-05-13 04:54:07 UTC,2024-07-26 18:18:10 UTC,research,,https://www.inaturalist.org/observations/215433719,https://static.inaturalist.org/photos/380880801/medium.jpeg,,"","",2,0,false,,"Jericho, West Bank, Palestine",32.0748883333,35.5230666667,,,,,,,open,false,,,עיט חורש,Clanga pomarina,Lesser Spotted Eagle,Aves,201033
215433720,2024/05/10 9:58 AM,2024-05-10,2024-05-10 06:58:00 UTC,Asia/Hebron,4217199,yair_ben_perets,Yair ben perets,2024-05-13 04:54:07 UTC,2024-05-13 05:31:51 UTC,research,,https://www.inaturalist.org/observations/215433720,https://static.inaturalist.org/photos/380880850/medium.jpeg,,"","",1,0,false,,"Jericho, West Bank, Palestine",32.0748383333,35.5230366667,,,,,,,open,false,,,קורמורן גמדי,Microcarbo pygmaeus,Pygmy Cormorant,Aves,979813
215433721,2024/05/10 9:58 AM,2024-05-10,2024-05-10 06:58:00 UTC,Asia/Hebron,4217199,yair_ben_perets,Yair ben perets,2024-05-13 04:54:07 UTC,2024-05-13 05:31:48 UTC,research,,https://www.inaturalist.org/observations/215433721,https://static.inaturalist.org/photos/380880829/medium.jpeg,,"","",1,0,false,,"Jericho, West Bank, Palestine",32.0748916667,35.52297,,,,,,,open,false,,,איית צרעים,Pernis apivorus,European Honey-buzzard,Aves,5325
215433723,2024/05/10 10:11 AM,2024-05-10,2024-05-10 07:11:00 UTC,Asia/Hebron,4217199,yair_ben_perets,Yair ben perets,2024-05-13 04:54:08 UTC,2024-05-13 05:31:44 UTC,research,,https://www.inaturalist.org/observations/215433723,https://static.inaturalist.org/photos/380880873/medium.jpeg,,"","",1,0,false,,"Jericho, West Bank, Palestine",32.065745,35.5183416667,,,,,,,,false,,,שרקרק גמדי,Merops cyanophrys,Arabian Green Bee-eater,Aves,1430301
215755357,2024/04/25 12:16,2024-04-25,2024-04-25 09:16:00 UTC,Asia/Hebron,5930385,yehuda_sar_shalom,Yehuda Sar Shalom,2024-05-14 18:26:10 UTC,2024-06-23 21:23:19 UTC,research,CC-BY-NC,https://www.inaturalist.org/observations/215755357,https://static.inaturalist.org/photos/381485426/medium.jpeg,,"Israel, ישראל, samaria, שומרון, יצהר, Yitzhar",,2,0,false,,יצהר,32.1695016667,35.230965,,,,,,,open,false,,,קוקיה מצויצת,Clamator glandarius,Great Spotted Cuckoo,Aves,1787
217201161,2024-05-19 11:09:53+03:00,2024-05-19,2024-05-19 08:09:53 UTC,Jerusalem,3123223,naturematt22,,2024-05-21 01:46:15 UTC,2024-05-21 04:09:18 UTC,research,CC-BY-NC,https://www.inaturalist.org/observations/217201161,https://inaturalist-open-data.s3.amazonaws.com/photos/384216684/medium.jpg,,"","",1,0,false,3,Rav-Chovel Street,31.7497,35.228295,4,,,,4,,,false,,,Hooded Crow,Corvus cornix,Hooded Crow,Aves,144757
218667367,2024-05-27 18:59:26,2024-05-27,2024-05-27 15:59:26 UTC,Asia/Hebron,4620384,labrihoot,דוד לב ארי,2024-05-27 16:10:40 UTC,2024-05-30 14:32:13 UTC,research,"",https://www.inaturalist.org/observations/218667367,https://static.inaturalist.org/photos/386966803/medium.jpeg,,"",,2,0,false,2,צומת ארגמן/כביש 90,32.1624419443,35.5259656906,32,,,,32,,open,false,,,סנונית רפתות,Hirundo rustica,Barn Swallow,Aves,11901
218708141,2024/05/02 10:22 AM,2024-05-02,2024-05-02 07:22:00 UTC,Jerusalem,1043406,yaelorgad,Yael Orgad,2024-05-27 18:47:04 UTC,2024-07-26 18:18:04 UTC,research,CC-BY-NC,https://www.inaturalist.org/observations/218708141,https://inaturalist-open-data.s3.amazonaws.com/photos/387033984/medium.jpeg,,"",,2,0,false,,Jerusalem,31.7875004565,35.2417077267,8,,,,8,,open,false,,,Syrian Woodpecker,Dendrocopos syriacus,Syrian Woodpecker,Aves,17867
218708187,2024/05/02 10:06 AM,2024-05-02,2024-05-02 07:06:00 UTC,Jerusalem,1043406,yaelorgad,Yael Orgad,2024-05-27 18:47:12 UTC,2024-05-27 18:50:57 UTC,research,CC-BY-NC,https://www.inaturalist.org/observations/218708187,https://inaturalist-open-data.s3.amazonaws.com/photos/387034325/medium.jpeg,,"",,1,0,false,,Jerusalem,31.7876418416,35.2394385778,8,,,,8,,open,false,,,Graceful Prinia,Prinia gracilis,Graceful Prinia,Aves,7707
219370472,2024/05/29 11:52,2024-05-29,2024-05-29 08:52:00 UTC,Jerusalem,6464143,yelena_antipova,"",2024-05-30 18:03:12 UTC,2024-05-31 05:12:29 UTC,research,CC-BY-NC,https://www.inaturalist.org/observations/219370472,https://inaturalist-open-data.s3.amazonaws.com/photos/388277440/medium.jpeg,,"",,2,0,false,,"הר הזיתים, ירושלים",31.7796443836,35.2401506115,374,,,,374,,open,false,,,חוויאי ( חיוויאי ),Circaetus gallicus,Short-toed Snake-Eagle,Aves,5242
219535458,2024/05/31 7:43 AM,2024-05-31,2024-05-31 04:43:00 UTC,Jerusalem,2770446,banksiacoccinea,Yuval,2024-05-31 14:40:39 UTC,2024-05-31 15:18:24 UTC,research,CC-BY-NC,https://www.inaturalist.org/observations/219535458,https://inaturalist-open-data.s3.amazonaws.com/photos/388585724/medium.jpeg,,"",,1,0,false,,Jerusalem,31.733748602,35.2129558362,31,,,,31,,open,false,,,עפרוני מצויץ,Galerida cristata,Crested Lark,Aves,578607
220064513,2024/05/17 09:02,2024-05-17,2024-05-17 06:02:00 UTC,Asia/Hebron,5930385,yehuda_sar_shalom,Yehuda Sar Shalom,2024-06-02 18:50:30 UTC,2024-06-03 03:36:37 UTC,research,CC-BY-NC,https://www.inaturalist.org/observations/220064513,https://static.inaturalist.org/photos/389574999/medium.jpeg,,"Israel, ישראל, samaria, שומרון, הר כביר, אלון מורה, Kabir Mountain, אלון_מורה, הר_כביר, Kabir_Mountain",,1,0,false,,"Kabir Mountain, Israel",32.2191983411,35.3650467351,400,,,,400,,open,false,,,עורב שחור,Corvus corax,Common Raven,Aves,8010
220525654,2024/05/03 10:10,2024-05-03,2024-05-03 07:10:00 UTC,Jerusalem,3677982,dmtrsav,Dmitry Savikovsky,2024-06-04 18:44:20 UTC,2024-06-05 18:21:47 UTC,research,CC-BY-NC-ND,https://www.inaturalist.org/observations/220525654,https://inaturalist-open-data.s3.amazonaws.com/photos/390445914/medium.jpeg,,"",,1,0,false,,Mevo Horon,31.867735561,35.0117970057,651,,,,651,,open,false,,,Авдотка,Burhinus oedicnemus,Eurasian Stone-curlew,Aves,4923
220527973,2024/05/03 10:19,2024-05-03,2024-05-03 07:19:00 UTC,Jerusalem,3677982,dmtrsav,Dmitry Savikovsky,2024-06-04 18:54:43 UTC,2024-06-05 18:05:10 UTC,research,CC-BY-NC-ND,https://www.inaturalist.org/observations/220527973,https://inaturalist-open-data.s3.amazonaws.com/photos/390450417/medium.jpeg,,"",,1,0,false,,Mevo Horon,31.867735561,35.0117970057,651,,,,651,,open,false,,,Маскированный сорокопут,Lanius nubicus,Masked Shrike,Aves,12023
220528533,2024/05/03 10:44,2024-05-03,2024-05-03 07:44:00 UTC,Jerusalem,3677982,dmtrsav,Dmitry Savikovsky,2024-06-04 18:57:10 UTC,2024-07-26 18:16:54 UTC,research,CC-BY-NC-ND,https://www.inaturalist.org/observations/220528533,https://inaturalist-open-data.s3.amazonaws.com/photos/390451443/medium.jpeg,,"",,2,0,false,,Mevo Horon,31.867735561,35.0117970057,651,,,,651,,open,false,,,Красноголовый сорокопут,Lanius senator,Woodchat Shrike,Aves,12039
221075419,2024/05/03 11:34,2024-05-03,2024-05-03 08:34:00 UTC,Jerusalem,3677982,dmtrsav,Dmitry Savikovsky,2024-06-07 11:44:03 UTC,2024-06-07 13:55:46 UTC,research,CC-BY-NC-ND,https://www.inaturalist.org/observations/221075419,https://inaturalist-open-data.s3.amazonaws.com/photos/391478991/medium.jpeg,,"",,1,0,false,,Mevo Horon,31.867735561,35.0117970057,651,,,,651,,open,false,,,Изящная приния,Prinia gracilis,Graceful Prinia,Aves,7707
221079201,2024/05/03 11:54,2024-05-03,2024-05-03 08:54:00 UTC,Jerusalem,3677982,dmtrsav,Dmitry Savikovsky,2024-06-07 12:14:45 UTC,2024-06-07 13:03:24 UTC,research,CC-BY-NC-ND,https://www.inaturalist.org/observations/221079201,https://inaturalist-open-data.s3.amazonaws.com/photos/391486390/medium.jpeg,,"",,1,0,false,,Mevo Horon,31.867735561,35.0117970057,651,,,,651,,open,false,,,Палестинская нектарница,Cinnyris osea,Palestine Sunbird,Aves,145180
221080518,2024/05/03 11:55,2024-05-03,2024-05-03 08:55:00 UTC,Jerusalem,3677982,dmtrsav,Dmitry Savikovsky,2024-06-07 12:24:25 UTC,2024-07-26 18:16:47 UTC,research,CC-BY-NC-ND,https://www.inaturalist.org/observations/221080518,https://inaturalist-open-data.s3.amazonaws.com/photos/391488651/medium.jpeg,,"","",0,0,false,,Mevo Horon,31.867735561,35.0117970057,651,,,,651,,open,false,,,Палестинская нектарница,Cinnyris osea osea,Palestine Sunbird (Palestine),Aves,718168
221094280,2024/05/03 12:30,2024-05-03,2024-05-03 09:30:00 UTC,Jerusalem,3677982,dmtrsav,Dmitry Savikovsky,2024-06-07 13:51:40 UTC,2024-07-26 18:17:57 UTC,research,CC-BY-NC-ND,https://www.inaturalist.org/observations/221094280,https://inaturalist-open-data.s3.amazonaws.com/photos/391513831/medium.jpeg,,"","",2,0,false,,Mevo Horon,31.867735561,35.0117970057,651,,,,651,,open,false,,,Веерохвостая цистикола,Cisticola juncidis,Zitting Cisticola,Aves,7697
221318276,2024/05/03 12:48,2024-05-03,2024-05-03 09:48:00 UTC,Jerusalem,3677982,dmtrsav,Dmitry Savikovsky,2024-06-08 14:55:19 UTC,2024-07-26 18:17:50 UTC,research,CC-BY-NC-ND,https://www.inaturalist.org/observations/221318276,https://inaturalist-open-data.s3.amazonaws.com/photos/391925286/medium.jpeg,,"",,2,0,false,,Mevo Horon,31.867735561,35.0117970057,651,,,,651,,open,false,,,Обыкновенная горлица,Streptopelia turtur,European Turtle-Dove,Aves,2938
222597986,2024/06/06 12:43,2024-06-06,2024-06-06 09:43:00 UTC,Asia/Hebron,7390376,itamar_shalom5764,איתמר שלום,2024-06-14 07:30:48 UTC,2024-07-21 11:28:14 UTC,research,CC-BY-NC,https://www.inaturalist.org/observations/222597986,https://static.inaturalist.org/photos/394330151/medium.jpg,,"","",1,0,false,,"Hebron, Israel 🇮🇱",31.525268598,35.1055334508,4,,,,4,,open,false,gps,gps,דרור הבית,Passer domesticus,House Sparrow,Aves,13858
223037851,2024-06-14 18:42:32,2024-06-14,2024-06-14 15:42:32 UTC,Asia/Hebron,161404,yechielscheinfeld,Yechiel Scheinfeld,2024-06-16 07:39:15 UTC,2024-06-16 21:16:22 UTC,research,,https://www.inaturalist.org/observations/223037851,https://static.inaturalist.org/photos/395155363/medium.jpeg,,"",,1,0,false,2,"Nablus, PS-WE, PS",32.0635654809,35.3409549594,255,,,,255,,open,false,gps,gps,כוס החורבות,Athene noctua,Little Owl,Aves,19998
224970123,2024-05-14 09:16:13,2024-05-14,2024-05-14 06:16:13 UTC,Asia/Hebron,8300704,ofer_zvi,ofer zvi cherkasky,2024-06-24 21:19:21 UTC,2024-06-24 23:02:01 UTC,research,,https://www.inaturalist.org/observations/224970123,https://static.inaturalist.org/photos/398800085/medium.jpeg,,"",,2,0,false,2,"Jericho, PS-WE, PS",31.7849176,35.4530434997,,,,,,,open,false,gps,gps,שחור זנב,Oenanthe melanura,Blackstart,Aves,980212
224970917,2024-05-14 09:16:13,2024-05-14,2024-05-14 06:16:13 UTC,Asia/Hebron,8300704,ofer_zvi,ofer zvi cherkasky,2024-06-24 21:22:43 UTC,2024-07-26 06:50:50 UTC,research,,https://www.inaturalist.org/observations/224970917,https://static.inaturalist.org/photos/398801228/medium.jpeg,,"",,3,0,false,2,"Jericho, PS-WE, PS",31.7849176,35.4530434997,,,,,,,open,false,gps,gps,טריסטמית,Onychognathus tristramii,Tristram's Starling,Aves,14978
227543320,2024/07/06 07:49,2024-07-06,2024-07-06 04:49:00 UTC,Jerusalem,3677982,dmtrsav,Dmitry Savikovsky,2024-07-06 16:02:02 UTC,2024-07-12 06:11:37 UTC,research,CC-BY-NC-ND,https://www.inaturalist.org/observations/227543320,https://inaturalist-open-data.s3.amazonaws.com/photos/403677710/medium.jpeg,,"",,2,0,false,,Mevo Horon,31.867735561,35.0117970057,651,,,,651,,open,false,,,Красноголовый сорокопут,Lanius senator,Woodchat Shrike,Aves,12039
227575951,2024/07/06 07:44,2024-07-06,2024-07-06 04:44:00 UTC,Jerusalem,3677982,dmtrsav,Dmitry Savikovsky,2024-07-06 18:14:18 UTC,2024-07-12 06:11:25 UTC,research,CC-BY-NC-ND,https://www.inaturalist.org/observations/227575951,https://inaturalist-open-data.s3.amazonaws.com/photos/403738132/medium.jpeg,,"",,2,0,false,,Mevo Horon,31.867735561,35.0117970057,651,,,,651,,open,false,,,Обыкновенная зеленушка,Chloris chloris,European Greenfinch,Aves,145360
228266091,2024/07/06 07:18,2024-07-06,2024-07-06 04:18:00 UTC,Jerusalem,3677982,dmtrsav,Dmitry Savikovsky,2024-07-09 16:42:30 UTC,2024-07-26 18:16:05 UTC,research,CC-BY-NC-ND,https://www.inaturalist.org/observations/228266091,https://inaturalist-open-data.s3.amazonaws.com/photos/405044575/medium.jpeg,,"",,3,0,false,,Mevo Horon,31.867735561,35.0117970057,651,,,,651,,,false,,,Индийский кольчатый попугай,Psittacula krameri,Rose-ringed Parakeet,Aves,18911
228411185,2024-07-10 13:37:10+03:00,2024-07-10,2024-07-10 10:37:10 UTC,Jerusalem,7787738,alex_t2,Alex T,2024-07-10 10:38:43 UTC,2024-07-21 11:32:19 UTC,research,,https://www.inaturalist.org/observations/228411185,https://static.inaturalist.org/photos/405324720/medium.jpg,,"","",2,0,false,3,שומרי ההר,31.7927972103,35.2452339713,70,,,,70,,open,false,,,Eurasian Jay,Garrulus glandarius,Eurasian Jay,Aves,8088
228469599,2024-07-10 19:37:26,2024-07-10,2024-07-10 16:37:26 UTC,Jerusalem,8153125,shaharavni,shaharavni,2024-07-10 16:42:39 UTC,2024-07-10 21:20:44 UTC,research,,https://www.inaturalist.org/observations/228469599,https://static.inaturalist.org/photos/405441644/medium.jpeg,https://static.inaturalist.org/sounds/1127673.m4a?1720629762,"",להקה של מאות קאקים רועשים מעופפת מעל פסגת זאב,1,0,false,2,"רחמילביץ'/שמואל יפה, ירושלים",31.8229452435,35.2509610463,32,,,,32,,open,false,,,Eurasian Jackdaw,Corvus monedula,Eurasian Jackdaw,Aves,8000
228587706,2024-07-11 11:34:31,2024-07-11,2024-07-11 08:34:31 UTC,Jerusalem,8153125,shaharavni,shaharavni,2024-07-11 08:35:23 UTC,2024-07-26 18:16:11 UTC,research,,https://www.inaturalist.org/observations/228587706,https://static.inaturalist.org/photos/405656822/medium.jpeg,,"",,3,0,false,2,ירושלים,31.8090635864,35.1939762044,96,,,,96,,,false,,,Hooded Crow,Corvus cornix,Hooded Crow,Aves,144757
228795555,2024-07-12 13:10:18,2024-07-12,2024-07-12 10:10:18 UTC,Jerusalem,8153125,shaharavni,shaharavni,2024-07-12 10:13:07 UTC,2024-07-14 15:25:09 UTC,research,,https://www.inaturalist.org/observations/228795555,https://static.inaturalist.org/photos/406056395/medium.jpeg,,"",,2,0,false,2,ירושלים,31.7352933,35.1974664,82,,,,82,,,false,,,Hooded Crow,Corvus cornix,Hooded Crow,Aves,144757
229239095,2024/03/26,2024-03-26,,Asia/Hebron,3890673,abedalsalam,"",2024-07-14 12:04:17 UTC,2024-07-14 12:23:33 UTC,research,CC-BY-NC,https://www.inaturalist.org/observations/229239095,https://inaturalist-open-data.s3.amazonaws.com/photos/406892678/medium.jpg,,"",,1,0,false,,"Ramallah and Al-Bireh, West Bank, Palestine",31.8832528997,35.0525487997,,,,,,,open,false,,,שלדג לבן חזה,Halcyon smyrnensis,White-throated Kingfisher,Aves,204519
229428506,2024-02-28,2024-02-28,,Jerusalem,8324398,lucasmesqcard,,2024-07-15 04:24:47 UTC,2024-07-15 07:06:23 UTC,research,CC-BY-NC,https://www.inaturalist.org/observations/229428506,https://inaturalist-open-data.s3.amazonaws.com/photos/407251333/medium.jpeg,,"",,2,0,false,2,"Old City, Jerusalem",31.7767188692,35.2345084772,126,,,,126,,open,false,gps,gps,Common Swift,Apus apus,Common Swift,Aves,6638
231215482,2024-07-23 18:12:19,2024-07-23,2024-07-23 15:12:19 UTC,Asia/Gaza,33443,leandroop,,2024-07-23 15:14:14 UTC,2024-07-28 06:16:22 UTC,research,CC-BY-NC,https://www.inaturalist.org/observations/231215482,https://inaturalist-open-data.s3.amazonaws.com/photos/410628462/medium.jpeg,,"",,4,0,false,2,"Deir Al-Balah, PS-GZ, PS",31.4077768,34.3490986997,,,,,,,open,false,gps,gps,Common Hoopoe,Upupa epops,Common Hoopoe,Aves,20969
232723543,2024-07-30 19:46:05,2024-07-30,2024-07-30 16:46:05 UTC,Asia/Hebron,6038038,tomershorfilms,Tomer Shor,2024-07-30 16:48:23 UTC,2024-07-30 17:17:48 UTC,research,,https://www.inaturalist.org/observations/232723543,https://static.inaturalist.org/photos/413492216/medium.jpeg,,"",,1,0,false,2,"Nablus, PS-WE, PS",32.07185174,35.33408485,5,,,,5,,open,false,,,Blackstart,Oenanthe melanura,Blackstart,Aves,980212
